<?xml version="1.0" encoding="UTF-8"?>
<project-private xmlns="http://www.netbeans.org/ns/project-private/1">
    <editor-bookmarks xmlns="http://www.netbeans.org/ns/editor-bookmarks/2" lastBookmarkId="0"/>
    <open-files xmlns="http://www.netbeans.org/ns/projectui-open-files/2">
        <group>
            <file>file:/I:/My%20Programs/Project/BMS%20Project%20in%20Java/Source%20Code/GUI%20BankAccount/src/BankAccount/BankAccountException.java</file>
            <file>file:/I:/My%20Programs/Project/BMS%20Project%20in%20Java/Source%20Code/GUI%20BankAccount/src/BankAccount/Account.java</file>
            <file>file:/I:/My%20Programs/Project/BMS%20Project%20in%20Java/Source%20Code/GUI%20BankAccount/src/BankAccount/BankMain.java</file>
        </group>
    </open-files>
</project-private>
